{
	"name": "Covered Hopper 3 Bay",
	"model": "immersiverailroading:models/rolling_stock/freight/coveredhopperstandard/coveredhopperstandard.obj",
	"darken_model": "-0.05",
	"properties": {
		"weight_kg": 18318
	},
	"passenger": {
		"slots": 2,
		"center_x": 0,
		"center_y": 4.6,
		"length": 7,7,
		"width": 2.4
	},
	"freight": {
		"slots": 50,
		"width": 10,
		"cargo": ["containers"]
	},
	"trucks": {
		"front": 6.3, 
		"rear": -6.3
	},
	"couplers": {
		"front_offset": -0.08,
		"rear_offset": -0.08
	}
}