{
	
	"name": "Extended Vision Caboose (Gray)",

	"model": "immersiverailroading:models/rolling_stock/caboose/exvis_caboose_g/exvis_caboose.obj",

	"darken_model": "0.06",

	"properties": {

		"weight_kg": 24800
	},

	"passenger": {

		"slots": 2,

		"center_x": -0.65,

		"center_y": 2.7,

		"length": 0.8,

		"width": 2.8
	},
	"freight": {

		"slots": 6,

		"width": 6,

		"cargo": ["all"]

	},
	"trucks": {

		"front": 3,
 
		"rear": -3

	},

	"couplers": {

		"front_offset": -0.08,

		"rear_offset": -0.08

	}

}