{
	
	"name": "Monon Caboose",

	"model": "immersiverailroading:models/rolling_stock/caboose/usa_caboose/usa_caboose.obj",

	"darken_model": "0.06",

	"properties": {

		"weight_kg": 22500
	},

	"passenger": {

		"slots": 2,

		"center_x": 0.13,

		"center_y": 2.7,

		"length": 1.0,

		"width": 2.8 
	},
	"freight": {

		"slots": 6,

		"width": 6,

		"cargo": ["all"]

	},
	"trucks": {

		"front": 3,
 
		"rear": -3

	},

	"couplers": {

		"front_offset": -0.08,

		"rear_offset": -0.08

	}

}