{
	"era": "diesel",
	"name": "GP-7",
	"works": "Electro-Motive Division",
	"model": "immersiverailroading:models/rolling_stock/locomotives/gp-7.obj",
	"darken_model": "0.03",
	"properties": {
		"fuel_efficiency_%": 100,
		"fuel_capacity_l": 6000,
		"horsepower": 1500,
		"tractive_effort_lbf": 61500,
		"max_speed_kmh": 104.607,
		"weight_kg": 112000
	},
	"passenger": {
		"slots": 3,
		"center_x": 3,
		"center_y": 2,
		"length": 0.22,
		"width": 2
	},
	"trucks": {
		"front": 4.7, 
		"rear": -4.7
	},
	"bounds": {
		"front": 7.8,
		"rear": 7.8,
		"height": 4.4,
		"width": 3
	},
	"rotate": {
		"y": -90
	}
}